Aquila,6.56385,-11.92565,1.52853,2.35547,-4.4873,0.79075,2.35547,-4.4873,0.79075,53.2156,-106.4318,22.29768,2.35547,-4.4873,0.79075,5.65003,-14.43601,0.84358,5.65003,-14.43601,0.84358,199.6692,-373.6615,7.43694,47.58868,-73.7691,-1.25871,199.6692,-373.6615,7.43694,5.65003,-14.43601,0.84358,6.95881,-23.71653,6.09997,6.95881,-23.71653,6.09997,11.79959,-44.32851,12.35001,5.65003,-14.43601,0.84358,10.77064,-36.21654,-3.22766
Andromeda,25.97457,0.95104,14.46126,27.36348,4.74222,16.59516,27.36348,4.74222,16.59516,46.94637,14.74181,35.25513,76.36806,45.84086,81.13198,46.94637,14.74181,35.25513,46.94637,14.74181,35.25513,30.18067,7.63037,24.76158,30.18067,7.63037,24.76158,139.4069,30.78716,124.4502
Sculptor,41.86086,-4.95993,-32.71928,200.7706,52.48959,-116.7278,200.7706,52.48959,-116.7278,46.34202,-8.41676,-30.04313,46.34202,-8.41676,-30.04313,41.86086,-4.95993,-32.71928
Ara,4.62853,-159.924,-191.2893,-6.47376,-52.42491,-62.67648,-6.47376,-52.42491,-62.67648,-22.05913,-80.38675,-123.5382,-22.05913,-80.38675,-123.5382,-14.23367,-44.99686,-78.67336,-14.23367,-44.99686,-78.67336,-3.73676,-29.47456,-52.90852,-3.73676,-29.47456,-52.90852,-28.42707,-186.831,-284.2,-28.42707,-186.831,-284.2,-16.90423,-110.7923,-163.2518,-16.90423,-110.7923,-163.2518,4.62853,-159.924,-191.2893
Libra,-25.87838,-42.15766,-14.8683,-28.51048,-39.07123,-12.76978,-28.51048,-39.07123,-12.76978,-36.5494,-42.42025,-9.25261,-36.5494,-42.42025,-9.25261,-16.40858,-15.15182,-6.42187,-16.40858,-15.15182,-6.42187,-55.51919,-57.52708,-37.76065,-55.51919,-57.52708,-37.76065,-28.51048,-39.07123,-12.76978
Cetus,97.10188,63.66273,18.07186,46.74558,35.27621,8.71048,3.15408,1.53951,-1.00226,27.58364,5.31046,-9.11979,27.58364,5.31046,-9.11979,82.88032,7.04266,-12.91235,27.58364,5.31046,-9.11979,35.73335,11.02543,-6.71658,35.73335,11.02543,-6.71658,32.2415,12.38013,-4.96651,32.2415,12.38013,-4.96651,62.65906,33.12747,-12.92536,62.65906,33.12747,-12.92536,109.8685,81.26142,-29.77176,109.8685,81.26142,-29.77176,16.13017,13.4826,-4.41955,16.13017,13.4826,-4.41955,88.24092,76.7895,-28.85884,88.24092,76.7895,-28.85884,20.28958,15.86438,-7.01918,20.28958,15.86438,-7.01918,3.15408,1.53951,-1.00226,75.13115,52.28879,-4.76137,16.13017,13.4826,-4.41955,75.13115,52.28879,-4.76137,152.8848,127.6985,1.14214,152.8848,127.6985,1.14214,18.44032,15.9314,1.37773,18.44032,15.9314,1.37773,53.34256,54.41438,5.44832,53.34256,54.41438,5.44832,123.5773,123.2703,27.35644,123.5773,123.2703,27.35644,19.0806,16.72475,4.52607,19.0806,16.72475,4.52607,46.74558,35.27621,8.71048,46.74558,35.27621,8.71048,80.68708,65.266,10.16326,80.68708,65.266,10.16326,18.44032,15.9314,1.37773
Aries,33.2876,30.49816,23.26243,15.73199,9.75172,8.03361,15.73199,9.75172,8.03361,14.75262,8.06346,6.38916,14.75262,8.06346,6.38916,41.76965,22.56834,16.62037
Scutum,57.21514,-274.0254,-23.2503,20468.36,-97376.72,-9940.914,20468.36,-97376.72,-9940.914,97.75867,-401.6424,-115.4381,97.75867,-401.6424,-115.4381,12.04408,-94.02666,-24.63183,12.04408,-94.02666,-24.63183,9.24519,-59.70802,-8.75404,9.24519,-59.70802,-8.75404,57.21514,-274.0254,-23.2503
Pyxis,-66.9423,79.70638,-73.72143,-147.6895,170.509,-147.5377,-147.6895,170.509,-147.5377,-38.11985,41.40711,-29.56108
Bootes,-39.92558,-33.84414,12.78652,-8.82345,-5.93253,3.69894,-8.82345,-5.93253,3.69894,-41.58277,-36.46292,28.26974,-41.58277,-36.46292,28.26974,-20.5232,-23.50604,20.50925,-20.5232,-23.50604,20.50925,-36.87644,-37.50806,44.7509,-36.87644,-37.50806,44.7509,-16.44944,-12.86072,16.49506,-16.44944,-12.86072,16.49506,-33.39525,-26.05132,24.82094,-33.39525,-26.05132,24.82094,-8.82345,-5.93253,3.69894,-8.82345,-5.93253,3.69894,-9.48767,-5.18814,3.59671,-9.48767,-5.18814,3.59671,-69.02396,-35.73177,21.99069
Caelum,57.97682,141.4236,-152.5996,5.1018,14.12472,-13.45762,5.1018,14.12472,-13.45762,7.62314,21.5444,-17.31161
Chamaeleon,-2.51591,3.64274,-19.05413,-23.59024,9.11828,-125.5182,-23.59024,9.11828,-125.5182,-16.91337,-1.35689,-89.90435
Cancer,-59.17526,66.47698,48.84677,-33.79736,39.12501,20.33287,-33.79736,39.12501,20.33287,-9.32358,13.3075,8.35702,-33.79736,39.12501,20.33287,-25.04178,28.63397,12.47311,-25.04178,28.63397,12.47311,-51.52208,76.01538,14.84954,-25.04178,28.63397,12.47311,-39.6901,40.21763,11.86381
Capricornus,17.94533,-26.09738,-7.0475,55.92016,-79.11695,-25.56422,55.92016,-79.11695,-25.56422,34.44347,-32.70074,-14.73174,34.44347,-32.70074,-14.73174,44.58458,-36.67219,-17.46739,44.58458,-36.67219,-17.46739,37.7935,-26.44095,-13.80495,37.7935,-26.44095,-13.80495,9.5344,-6.24861,-3.2962,44.58458,-36.67219,-17.46739,85.71754,-67.77638,-45.0654,85.71754,-67.77638,-45.0654,34.44347,-32.70074,-14.73174,55.92016,-79.11695,-25.56422,8.79932,-9.93747,-6.26603,34.44347,-32.70074,-14.73174,157.0009,-168.6259,-116.9852
Carina,-8.98071,8.00155,-32.54654,-32.00779,16.00439,-98.52402,-32.00779,16.00439,-98.52402,-56.98094,19.91072,-125.9486,-56.98094,19.91072,-125.9486,-162.348,56.26708,-304.5202,-162.348,56.26708,-304.5202,-50249.82,11464.95,-85694.28,-50249.82,11464.95,-85694.28,-14.4366,4.31099,-24.92996,-14.4366,4.31099,-24.92996,-196.5315,83.54534,-351.7761,-196.5315,83.54534,-351.7761,-87.13034,41.98783,-176.8986,-87.13034,41.98783,-176.8986,-90.88787,78.25176,-201.7915,-143.695,170.3156,-382.271,-54.83708,76.51524,-159.8726,-54.83708,76.51524,-159.8726,-5.99268,57.13204,-75.3961,-52.2684,47.49056,-117.3796,-90.88787,78.25176,-201.7915,-52.2684,47.49056,-117.3796,-143.695,170.3156,-382.271,-5.99268,57.13204,-75.3961,-13.61885,81.90725,-77.9609,-54.83708,76.51524,-159.8726,-130.6749,218.3762,-213.5645
Cassiopeia,49.16964,26.80689,113.1634,14.08238,5.53413,26.45757,14.08238,5.53413,26.45757,79.83672,20.16802,146.8371,79.83672,20.16802,146.8371,37.98482,6.78448,58.37962,37.98482,6.78448,58.37962,8.60001,0.34459,14.4095
Centaurus,-0.4952,-0.41408,-1.15662,-50.95405,-30.56287,-104.4787,-50.95405,-30.56287,-104.4787,-70.7265,-32.9381,-105.309,-70.7265,-32.9381,-105.309,-69.54586,-38.36753,-86.03949,-69.54586,-38.36753,-86.03949,-80.79984,-46.03096,-92.35634,-80.79984,-46.03096,-92.35634,-101.522,-52.6333,-104.6903,-101.522,-52.6333,-104.6903,-88.77468,-45.96956,-89.0322,-88.77468,-45.96956,-89.0322,-197.912,-83.03636,-176.3414,-197.912,-83.03636,-176.3414,-13.56257,-4.97642,-10.77308,-88.77468,-45.96956,-89.0322,-12.35881,-7.6242,-10.69429,-101.522,-52.6333,-104.6903,-54.08616,-43.60583,-62.903,-54.08616,-43.60583,-62.903,-61.87283,-61.42169,-78.78746,-69.54586,-38.36753,-86.03949,-25.77182,-4.7204,-30.09771,-25.77182,-4.7204,-30.09771,-80.16633,-9.85728,-97.04873,-80.16633,-9.85728,-97.04873,-80.49079,-2.93681,-98.48459,-80.49079,-2.93681,-98.48459,-75.88396,8.39076,-106.1069,-75.88396,8.39076,-106.1069,-58.0632,6.15868,-114.6928
Cepheus,120.0776,-61.94046,217.9241,13.59813,-4.30834,32.34218,13.59813,-4.30834,32.34218,55.21952,-42.88672,198.108,55.21952,-42.88672,198.108,5.27611,-4.4832,13.34878,5.27611,-4.4832,13.34878,120.0776,-61.94046,217.9241,13.59813,-4.30834,32.34218,3.00819,-0.27182,13.77475,3.00819,-0.27182,13.77475,55.21952,-42.88672,198.108
Coma Berenices,-16.21101,-5.11038,5.36887,-7.67607,-2.48941,4.26873,-7.67607,-2.48941,4.26873,-44.85452,-5.29655,24.28737
Canes Venatici,-6.26621,-0.92929,5.57648,-26.79512,-6.68422,21.82438
Auriga,0.04919,40.42642,30.69934,0.03619,17.60129,17.56906,0.03619,17.60129,17.56906,1.71263,8.95444,9.44001,1.71263,8.95444,9.44001,45.11416,175.957,158.3272,45.11416,175.957,158.3272,34.37854,121.8842,82.76375,5.28158,35.6504,19.65546,34.37854,121.8842,82.76375,5.28158,35.6504,19.65546,0.04919,40.42642,30.69934
Columba,-5.76725,59.58507,-39.52731,-3.3021,45.64152,-32.20962,-3.3021,45.64152,-32.20962,2.33951,217.6693,-154.032,2.33951,217.6693,-154.032,0.85533,21.6728,-15.62486,0.85533,21.6728,-15.62486,0.39522,106.1572,-98.3554,0.85533,21.6728,-15.62486,5.88592,66.11004,-44.89318,5.88592,66.11004,-44.89318,8.23477,65.21372,-46.83487
Circinus,-5.31985,-4.56397,-15.01454,-44.3156,-54.42226,-118.2994,-5.31985,-4.56397,-15.01454,-10.30416,-12.01296,-26.13435
Crater,-44.74606,12.03689,-15.32333,-93.97924,20.12246,-40.45169,-93.97924,20.12246,-40.45169,-23.76538,3.67036,-7.66702,-23.76538,3.67036,-7.66702,-54.1994,9.71764,-14.52639,-54.1994,9.71764,-14.52639,-44.74606,12.03689,-15.32333,-54.1994,9.71764,-14.52639,-111.927,17.42232,-21.72992,-111.927,17.42232,-21.72992,-84.29106,8.60586,-14.6387,-84.29106,8.60586,-14.6387,-73.66146,1.28066,-22.73621,-73.66146,1.28066,-22.73621,-102.4946,6.82434,-34.07272,-102.4946,6.82434,-34.07272,-23.76538,3.67036,-7.66702
Corona Australis,9.37458,-48.47378,-39.02442,25.67318,-101.6927,-80.02487,25.67318,-101.6927,-80.02487,6.10073,-23.28651,-18.21067,6.10073,-23.28651,-18.21067,3.94576,-13.23188,-10.42882,3.94576,-13.23188,-10.42882,9.05203,-28.94154,-23.61048,9.05203,-28.94154,-23.61048,33.8164,-107.2041,-92.14123,33.8164,-107.2041,-92.14123,12.22996,-39.78531,-35.54494,12.22996,-39.78531,-35.54494,11.94638,-42.27774,-39.68985,11.94638,-42.27774,-39.68985,16.18113,-64.55984,-61.43978,9.37458,-48.47378,-39.02442,7.60753,-53.52778,-44.89258
Corona Borealis,-58.81836,-78.71696,59.88489,-18.45833,-23.58925,16.67535,-18.45833,-23.58925,16.67535,-12.17609,-16.55875,10.34397,-12.17609,-16.55875,10.34397,-22.63306,-33.16103,19.83887,-22.63306,-33.16103,19.83887,-25.23354,-39.45434,22.91147,-25.23354,-39.45434,22.91147,-30.82762,-52.1202,30.6917,-30.82762,-52.1202,30.6917,-41.00606,-72.06852,47.58568
Corvus,-17.38435,-2.44866,-5.09915,-25.31609,-3.31767,-7.57057,-25.31609,-3.31767,-7.57057,-44.80594,-3.09506,-14.19707,-44.80594,-3.09506,-14.19707,-89.88085,-3.97327,-37.48675,-89.88085,-3.97327,-37.48675,-13.55767,-0.49794,-6.24832,-89.88085,-3.97327,-37.48675,-40.52989,-6.12726,-17.73539,-40.52989,-6.12726,-17.73539,-25.31609,-3.31767,-7.57057
Crux,-14.6069,-1.99869,-22.80075,-44.36376,-5.17196,-88.03452,-42.16877,-8.90962,-73.72315,-54.7786,-3.62525,-90.466
Cygnus,7.49778,-21.43943,30.5475,8.79047,-21.29931,29.2074,8.79047,-21.29931,29.2074,15.77944,-32.00646,35.8481,15.77944,-32.00646,35.8481,249.3182,-348.7956,363.041,249.3182,-348.7956,363.041,197.2506,-232.1134,307.6008,249.3182,-348.7956,363.041,12.2626,-13.83461,12.45565,12.2626,-13.83461,12.45565,28.27841,-25.25354,22.08985,28.27841,-25.25354,22.08985,16.17077,-10.89265,10.69331,249.3182,-348.7956,363.041,16.4535,-29.58959,23.7801,16.4535,-29.58959,23.7801,45.35047,-108.5184,62.43001
Delphinus,61.5805,-77.96544,19.85832,18.99404,-23.13422,7.79414,18.99404,-23.13422,7.79414,48.0151,-57.406,21.33554,48.0151,-57.406,21.33554,24.73344,-27.79476,10.75607,24.73344,-27.79476,10.75607,43.24172,-49.98176,17.80127,43.24172,-49.98176,17.80127,18.99404,-23.13422,7.79414
Dorado,1.25154,18.80929,-41.8192,0.30573,11.87532,-23.40479,0.30573,11.87532,-23.40479,16.37023,141.6207,-273.7435,16.37023,141.6207,-273.7435,1.25154,18.80929,-41.8192,16.37023,141.6207,-273.7435,10.85782,27.56288,-42.37878,10.85782,27.56288,-42.37878,5.58444,11.45315,-16.01133
Draco,-0.5324,-18.85028,28.89763,-0.43615,-29.45104,37.01436,-0.43615,-29.45104,37.01436,-9.16933,-70.6789,92.21877,-9.16933,-70.6789,92.21877,-2.10179,-17.28421,25.0267,-2.10179,-17.28421,25.0267,-0.5324,-18.85028,28.89763,-0.5324,-18.85028,28.89763,3.53424,-10.7883,27.62731,3.53424,-10.7883,27.62731,6.96479,-13.64376,42.70796,6.96479,-13.64376,42.70796,4.16168,-12.16375,43.00244,4.16168,-12.16375,43.00244,0.21943,-2.38166,7.69454,0.21943,-2.38166,7.69454,-9.17844,-40.38813,91.79325,-9.17844,-40.38813,91.79325,-5.47726,-12.30088,24.81452,-5.47726,-12.30088,24.81452,-5.40662,-9.54539,17.94765,-5.40662,-9.54539,17.94765,-10.01597,-12.47179,26.58578,-10.01597,-12.47179,26.58578,-34.41602,-20.75885,83.7964,-34.41602,-20.75885,83.7964,-51.40002,-7.56315,141.116,-51.40002,-7.56315,141.116,-35.77359,4.48696,95.57056
Norma,-34.04956,-67.90571,-107.0125,-10.70576,-22.91688,-30.31116,-10.70576,-22.91688,-30.31116,-43.23719,-100.8604,-119.9874,-43.23719,-100.8604,-119.9874,-21.43668,-38.36231,-50.96461,-21.43668,-38.36231,-50.96461,-10.70576,-22.91688,-30.31116,-21.43668,-38.36231,-50.96461,-34.04956,-67.90571,-107.0125
Eridanus,21.06557,9.56842,-35.95196,9.69683,5.37271,-13.99123,9.69683,5.37271,-13.99123,24.27787,16.45432,-36.88702,24.27787,16.45432,-36.88702,83.99386,62.71284,-115.2145,83.99386,62.71284,-115.2145,20.0446,16.78962,-24.29042,20.0446,16.78962,-24.29042,27.09586,22.87088,-29.60052,27.09586,22.87088,-29.60052,26.85749,26.45303,-31.97493,26.85749,26.45303,-31.97493,2.83924,3.3815,-4.1275,2.83924,3.3815,-4.1275,21.79917,33.7603,-30.97037,21.79917,33.7603,-30.97037,28.00504,43.7289,-38.00577,28.00504,43.7289,-38.00577,19.53638,40.91034,-30.34771,19.53638,40.91034,-30.34771,30.6096,68.78013,-50.81179,30.6096,68.78013,-50.81179,20.33821,52.67393,-33.34266,20.33821,52.67393,-33.34266,8.88912,13.5386,-6.95825,8.88912,13.5386,-6.95825,49.78586,67.15168,-33.15277,49.78586,67.15168,-33.15277,55.88199,66.31306,-34.61125,55.88199,66.31306,-34.61125,17.41976,17.78718,-10.88964,17.41976,17.78718,-10.88964,10.13104,8.89275,-4.52944,10.13104,8.89275,-4.52944,29.69434,28.78272,-6.47458,29.69434,28.78272,-6.47458,21.83184,25.07789,-5.15902,21.83184,25.07789,-5.15902,1.89897,2.54143,-0.52852,1.89897,2.54143,-0.52852,5.0065,7.37019,-1.53313,5.0065,7.37019,-1.53313,73.80065,193.0601,-12.10727,73.80065,193.0601,-12.10727,51.0156,151.3767,-9.08383,51.0156,151.3767,-9.08383,20.70106,68.66754,-6.8461,20.70106,68.66754,-6.8461,6.15619,26.58588,-2.429,6.15619,26.58588,-2.429,54.10714,239.8307,-37.85915,54.10714,239.8307,-37.85915,11.40586,30.5797,-8.32166
Sagitta,54.86028,-116.256,40.47258,77.99368,-154.0875,57.90022,77.99368,-154.0875,57.90022,52.44657,-112.3485,40.31912,77.99368,-154.0875,57.90022,36.99743,-64.89161,26.44029,36.99743,-64.89161,26.44029,23.99538,-39.48167,16.80782
Fornax,33.0717,30.06402,-28.37034,8.32978,9.25728,-6.89941
Gemini,-5.26616,31.71439,9.4614,-109.0678,379.6839,148.2516,-109.0678,379.6839,148.2516,-5.88839,16.15126,6.93951,-5.88839,16.15126,6.93951,-9.90904,27.94622,8.80576,-9.90904,27.94622,8.80576,-3.44457,17.20345,4.0169,-5.88839,16.15126,6.93951,-30.10498,67.67852,37.57205,-30.10498,67.67852,37.57205,-17.3742,35.44654,17.90524,-30.10498,67.67852,37.57205,-4.05547,8.19518,4.86717,-30.10498,67.67852,37.57205,-11.92711,30.38497,17.20879,-11.92711,30.38497,17.20879,-25.97115,80.96408,49.57698,-25.97115,80.96408,49.57698,-5.31194,12.13001,8.23874,-25.97115,80.96408,49.57698,-10.97736,46.81234,32.38457,-25.97115,80.96408,49.57698,-44.68484,230.2477,110.0237,-44.68484,230.2477,110.0237,-19.74592,155.4154,57.67907,-44.68484,230.2477,110.0237,-6.56212,65.28144,27.19496,-6.56212,65.28144,27.19496,-7.06715,108.7134,45.14074,-7.06715,108.7134,45.14074,-0.78533,43.67826,18.78075
Camelopardalis,182.4652,235.8035,515.181,25.53396,43.10004,98.626,25.53396,43.10004,98.626,11388.13,38476.63,91596.17,182.4652,235.8035,515.181,18.87306,29.72728,104.2234,18.87306,29.72728,104.2234,11388.13,38476.63,91596.17,18.87306,29.72728,104.2234,0.63469,3.85042,20.51759
Canis Major,-18.31351,76.00368,-16.67254,-35.83528,125.4719,-36.5149,-35.83528,125.4719,-36.5149,-178.3376,713.455,-225.5977,-178.3376,713.455,-225.5977,-0.49432,2.47673,-0.75848,-0.49432,2.47673,-0.75848,-210.4981,746.0641,-342.4382,-210.4981,746.0641,-342.4382,-129.7335,421.7615,-218.9799,-129.7335,421.7615,-218.9799,-79.9676,236.2171,-125.8246,-79.9676,236.2171,-125.8246,-190.7622,496.3371,-298.4329,-27.49799,105.1416,-60.17197,-80.77548,292.6592,-160.9853,-80.77548,292.6592,-160.9853,-129.7335,421.7615,-218.9799,-80.77548,292.6592,-160.9853,-21422.46,88859.54,-40559.37,-21422.46,88859.54,-40559.37,-2.97185,18.40781,-6.51368,-2.97185,18.40781,-6.51368,-18.98394,123.1388,-52.7965,-2.97185,18.40781,-6.51368,-14.20973,142.996,-46.56885,-2.97185,18.40781,-6.51368,-0.49432,2.47673,-0.75848,-27.49799,105.1416,-60.17197,-36.75857,166.3533,-108.5706,-8.51214,95.78631,-55.66208,-27.49799,105.1416,-60.17197,-178.3376,713.455,-225.5977,-18.31351,76.00368,-16.67254
Ursa Major,-18.52955,-9.39454,24.16451,-14.11581,-5.4133,21.53127,-14.11581,-5.4133,21.53127,-13.77596,-3.30917,20.97294,-13.77596,-3.30917,20.97294,-13.40231,-0.90346,20.71038,-13.40231,-0.90346,20.71038,-17.2987,4.33488,33.19134,-17.2987,4.33488,33.19134,-13.10303,3.39836,20.3606,-13.10303,3.39836,20.3606,-15.09487,0.40642,20.55268,-15.09487,0.40642,20.55268,-13.40231,-0.90346,20.71038,-15.09487,0.40642,20.55268,-37.76697,2.30162,41.69831,-37.76697,2.30162,41.69831,-30.84332,6.88533,31.05405,-30.84332,6.88533,31.05405,-27.81546,13.40214,28.70602,-30.84332,6.88533,31.05405,-48.16168,21.8651,46.79465,-13.10303,3.39836,20.3606,-77.66658,48.48156,126.3145,-77.66658,48.48156,126.3145,-6.69394,5.0051,10.57472,-6.69394,5.0051,10.57472,-53.6678,51.99616,80.573,-6.69394,5.0051,10.57472,-6.83588,6.88332,10.78988,-77.66658,48.48156,126.3145,-15.50541,9.7842,30.56025,-15.50541,9.7842,30.56025,-16.37548,21.29002,47.89828,-16.37548,21.29002,47.89828,-8.60304,6.51064,21.23108,-8.60304,6.51064,21.23108,-17.2987,4.33488,33.19134
Grus,28.53779,-6.73568,-27.84527,63.50286,-26.54118,-65.30352,63.50286,-26.54118,-65.30352,18.6725,-9.904,-22.63519,18.6725,-9.904,-22.63519,34.99348,-12.27726,-39.6082,34.99348,-12.27726,-39.6082,38.62945,-8.50049,-39.89578,38.62945,-8.50049,-39.89578,28.53779,-6.73568,-27.84527,34.99348,-12.27726,-39.6082,19.53305,-5.15354,-26.57025,34.99348,-12.27726,-39.6082,23.51337,-7.57706,-30.85431,18.6725,-9.904,-22.63519,50.32522,-27.29174,-47.26536,50.32522,-27.29174,-47.26536,43.85358,-26.89227,-39.28078
Hercules,-8.66837,-96.48418,100.3369,-3.00541,-183.8081,139.7924,-3.00541,-183.8081,139.7924,-15.17306,-94.94716,72.84038,-15.17306,-94.94716,72.84038,-7.85922,-42.06734,32.59117,-7.85922,-42.06734,32.59117,-18.01779,-90.6792,69.18594,-18.01779,-90.6792,69.18594,-8.55538,-24.4632,20.92825,-8.55538,-24.4632,20.92825,-26.07876,-66.29218,65.1331,-26.07876,-66.29218,65.1331,-27.57928,-58.96961,68.15526,-27.57928,-58.96961,68.15526,-6.1847,-9.96283,10.72703,-8.55538,-24.4632,20.92825,-3.07315,-8.59314,5.61503,-3.07315,-8.59314,5.61503,-15.15586,-36.68906,15.62843,-15.15586,-36.68906,15.62843,-23.15622,-50.76484,19.37933,-3.07315,-8.59314,5.61503,-10.50257,-39.39515,24.42652,-10.50257,-39.39515,24.42652,-12.94858,-100.8647,49.84204,-12.94858,-100.8647,49.84204,-4.07548,-20.50369,9.67674,-0.43441,-7.3437,3.86566,-0.35694,-36.59698,20.49449,-0.35694,-36.59698,20.49449,2.98909,-90.79218,49.86305,-10.50257,-39.39515,24.42652,-18.01779,-90.6792,69.18594,-0.43441,-7.3437,3.86566,-12.94858,-100.8647,49.84204
Horologium,11.63778,23.34226,-23.7286,21.75871,18.3648,-39.99121,21.75871,18.3648,-39.99121,15.22096,15.70868,-37.48834
Hydra,-117.3297,135.8983,10.66243,-72.8617,87.79562,6.66127,-72.8617,87.79562,6.66127,-31.06083,37.79521,4.88621,-31.06083,37.79521,4.88621,-26.19842,29.41087,4.43108,-26.19842,29.41087,4.43108,-72.42748,80.13398,11.04377,-72.42748,80.13398,11.04377,-117.3297,135.8983,10.66243,-72.42748,80.13398,11.04377,-35.31675,36.7657,5.30928,-35.31675,36.7657,5.30928,-26.07496,22.99538,1.40504,-26.07496,22.99538,1.40504,-126.7331,95.51571,-3.28172,-126.7331,95.51571,-3.28172,-13.69674,10.59098,-0.83739,-13.69674,10.59098,-0.83739,-43.00347,33.72285,-8.32209,-43.00347,33.72285,-8.32209,-66.22704,41.59319,-20.7307,-66.22704,41.59319,-20.7307,-29.93896,15.48774,-7.38281,-29.93896,15.48774,-7.38281,-63.0227,27.37348,-20.7925,-63.0227,27.37348,-20.7925,-40.34394,12.79305,-12.29108,-40.34394,12.79305,-12.29108,-33.52441,3.96759,-20.97811,-33.52441,3.96759,-20.97811,-78.77836,2.43832,-52.97844,-78.77836,2.43832,-52.97844,-62.33232,-19.37096,-27.86559,-62.33232,-19.37096,-27.86559,-35.50917,-12.73539,-16.14628
Hydrus,1.63527,0.18452,-7.2752,9.75682,14.91553,-63.14994,9.75682,14.91553,-63.14994,13.22528,11.05701,-43.24578,13.22528,11.05701,-43.24578,12.69797,9.03641,-39.89019,12.69797,9.03641,-39.89019,9.10363,5.19103,-19.35734
Indus,13.80919,-11.601,-24.32855,12.97686,-15.80289,-22.15294,12.97686,-15.80289,-22.15294,67.81855,-70.96183,-159.8915,67.81855,-70.96183,-159.8915,13.80919,-11.601,-24.32855
Lacerta,135.3587,-66.04106,116.6095,355.2196,-146.252,359.7745,355.2196,-146.252,359.7745,313.7229,-130.7021,373.5919,313.7229,-130.7021,373.5919,409.7796,-181.3401,524.2332,409.7796,-181.3401,524.2332,29.13355,-13.03811,41.19149,29.13355,-13.03811,41.19149,18.61369,-7.58742,24.19637,18.61369,-7.58742,24.19637,313.7229,-130.7021,373.5919
Monoceros,-9.82994,151.4384,-16.68652,-25.82301,204.2824,-25.40294,-25.82301,204.2824,-25.40294,-36.33013,112.0383,-1.01299,-36.33013,112.0383,-1.01299,-3.86914,37.17422,3.00244,-3.86914,37.17422,3.00244,-7.84544,200.459,8.75785,-36.33013,112.0383,-1.01299,-172.5308,274.5209,-16.90045,-172.5308,274.5209,-16.90045,-19.1037,40.39265,-7.51827
Lepus,-1.37435,51.1586,-13.65089,0.22629,14.42436,-3.64172,0.22629,14.42436,-3.64172,1.18828,20.85493,-5.52761,1.18828,20.85493,-5.52761,76.8772,643.0472,-208.208,76.8772,643.0472,-208.208,11.16485,53.59693,-15.91128,76.8772,643.0472,-208.208,1.23335,32.55538,-12.42699,1.23335,32.55538,-12.42699,0.55889,8.23152,-3.40875,0.55889,8.23152,-3.40875,6.34934,45.53161,-17.42597,6.34934,45.53161,-17.42597,14.25701,58.77552,-24.89227,76.8772,643.0472,-208.208,6.34934,45.53161,-17.42597,11.16485,53.59693,-15.91128,44.60902,250.278,-59.51869,11.16485,53.59693,-15.91128,44.08624,213.0309,-49.98944,14.25701,58.77552,-24.89227,11.16485,53.59693,-15.91128,44.08624,213.0309,-49.98944,14.37247,68.0527,-14.61827,44.60902,250.278,-59.51869,17.35385,98.37775,-21.80946
Leo,-10.63393,0.50801,2.76755,-47.81422,9.67576,13.46428,-47.81422,9.67576,13.46428,-21.01886,11.13222,5.0414,-21.01886,11.13222,5.0414,-328.45,175.8689,112.221,-328.45,175.8689,112.221,-34.0028,15.86072,13.53874,-34.0028,15.86072,13.53874,-16.4422,3.33711,6.28074,-16.4422,3.33711,6.28074,-10.63393,0.50801,2.76755,-34.0028,15.86072,13.53874,-69.40931,33.59478,33.39701,-69.40931,33.59478,33.39701,-29.06246,18.02588,16.68502,-29.06246,18.02588,16.68502,-57.70012,38.24478,30.49429,-16.4422,3.33711,6.28074,-47.81422,9.67576,13.46428
Lupus,-26.59756,-42.13786,-33.14104,-20.73371,-38.69667,-32.78939,-20.73371,-38.69667,-32.78939,-53.04921,-91.99711,-84.16033,-53.04921,-91.99711,-84.16033,-26.59756,-42.13786,-33.14104,-53.04921,-91.99711,-84.16033,-57.38881,-78.36938,-84.93588,-57.38881,-78.36938,-84.93588,-131.2235,-158.3011,-176.5322,-131.2235,-158.3011,-176.5322,-43.28932,-52.42376,-49.8708,-131.2235,-158.3011,-176.5322,-60.95196,-60.17613,-80.24723,-57.38881,-78.36938,-84.93588,-28.65532,-40.19309,-45.33884,-28.65532,-40.19309,-45.33884,-14.76528,-16.43956,-28.38394,-14.76528,-16.43956,-28.38394,-73.35491,-62.61186,-104.8373,-14.76528,-16.43956,-28.38394,-48.65244,-40.06574,-73.60126,-73.35491,-62.61186,-104.8373,-55.21614,-40.92503,-69.64504,-73.35491,-62.61186,-104.8373,-60.95196,-60.17613,-80.24723
Lynx,-39.51234,32.84603,35.17204,-23.37436,19.81518,22.92616,-23.37436,19.81518,22.92616,-142.6828,134.7759,155.8552,-142.6828,134.7759,155.8552,-8.49668,8.44939,10.70736,-8.49668,8.44939,10.70736,-49.88952,69.40614,80.23416,-49.88952,69.40614,80.23416,-20.24473,50.92826,63.5175,-20.24473,50.92826,63.5175,-7.08095,27.74086,46.57936,-7.08095,27.74086,46.57936,-2.11381,24.62735,41.15533
Lyra,0.96056,-5.90801,4.80973,7.36169,-37.20258,29.21077,7.36169,-37.20258,29.21077,53.40884,-240.5148,162.2231,53.40884,-240.5148,162.2231,40.69872,-154.7389,102.678,40.69872,-154.7389,102.678,42.52774,-175.4378,135.5305,42.52774,-175.4378,135.5305,7.36169,-37.20258,29.21077
Antlia,-88.35258,37.89002,-57.9183,-23.3044,13.60828,-19.52861
Microscopium,35.94947,-30.72055,-29.74695,42.22815,-41.75506,-37.48106,42.22815,-41.75506,-37.48106,65.13363,-71.10079,-64.50126
Musca,-38.24933,-7.83061,-97.16147,-15.37261,0.96669,-35.81479,-15.37261,0.96669,-35.81479,-30.25252,-4.31458,-94.79796,-30.25252,-4.31458,-94.79796,-33.99238,-5.56397,-90.3701,-33.99238,-5.56397,-90.3701,-38.24933,-7.83061,-97.16147
Octans,3.8083,-2.63017,-20.68884,6.50442,-2.1745,-45.25003,6.50442,-2.1745,-45.25003,-8.10214,-6.04578,-91.09986,-8.10214,-6.04578,-91.09986,3.8083,-2.63017,-20.68884
Apus,-19.35692,-17.40793,-134.4898,-3.40231,-8.57701,-47.01892,-3.40231,-8.57701,-47.01892,-3.42592,-9.82102,-46.9854
Ophiuchus,-1.58707,-14.45324,3.23945,-1.80233,-24.94929,1.99824,-5.60249,-25.47,-7.34268,-1.80233,-24.94929,1.99824,-1.58707,-14.45324,3.23945,-7.43241,-26.65056,4.56795,-7.43241,-26.65056,4.56795,-13.96231,-29.37858,-2.66998,-13.96231,-29.37858,-2.66998,-39.01732,-103.2004,-20.58209,-39.01732,-103.2004,-20.58209,-5.60249,-25.47,-7.34268,-5.60249,-25.47,-7.34268,-14.13888,-112.775,-50.51499
Orion,18.91849,224.8094,-7.65188,62.77512,602.6669,-12.71268,62.77512,602.6669,-12.71268,25.86812,210.7297,-1.10831,-8.18549,155.4789,45.02834,-9.40059,180.2781,45.70874,-8.18549,155.4789,45.02834,-8.87112,518.6334,190.2154,-8.87112,518.6334,190.2154,0.19914,8.12391,3.00219,-9.40059,180.2781,45.70874,-5.05414,152.9173,40.33449,-5.05414,152.9173,40.33449,0.19914,8.12391,3.00219,-9.40059,180.2781,45.70874,-0.48703,46.83194,7.96121,-0.48703,46.83194,7.96121,3.1893,151.3644,19.68214,3.1893,151.3644,19.68214,18.91849,224.8094,-7.65188,18.91849,224.8094,-7.65188,10.44414,195.3149,-33.3267,10.44414,195.3149,-33.3267,51.6011,256.7099,-37.74005,51.6011,256.7099,-37.74005,25.86812,210.7297,-1.10831,25.86812,210.7297,-1.10831,11.65858,76.03614,8.56012,11.65858,76.03614,8.56012,35.9075,329.7028,58.08636,35.9075,329.7028,58.08636,3.1893,151.3644,19.68214,11.65858,76.03614,8.56012,2.41372,7.63677,0.9779,2.41372,7.63677,0.9779,94.92554,306.6836,31.50697,94.92554,306.6836,31.50697,51.8724,173.3931,7.92805,51.8724,173.3931,7.92805,76.75754,279.3728,8.66979,2.41372,7.63677,0.9779,20.27314,64.90201,10.64789,20.27314,64.90201,10.64789,9.83882,33.69824,6.28532,-5.05414,152.9173,40.33449,-0.48703,46.83194,7.96121
Pavo,17.85026,-24.20097,-45.84124,3.0258,-2.39729,-8.41865,3.0258,-2.39729,-8.41865,11.01853,-12.56884,-37.90322,11.01853,-12.56884,-37.90322,1.31377,-2.08771,-5.58799,1.31377,-2.08771,-5.58799,17.85026,-24.20097,-45.84124,1.31377,-2.08771,-5.58799,4.75483,-8.18666,-30.79402,4.75483,-8.18666,-30.79402,3.98227,-20.95745,-63.49111,3.98227,-20.95745,-63.49111,14.59735,-57.5293,-141.4251,14.59735,-57.5293,-141.4251,1.31377,-2.08771,-5.58799,14.59735,-57.5293,-141.4251,46.22288,-199.351,-387.9299,46.22288,-199.351,-387.9299,6.93755,-68.21896,-126.2597,6.93755,-68.21896,-126.2597,0.66171,-17.66642,-35.72098,0.66171,-17.66642,-35.72098,46.22288,-199.351,-387.9299,0.66171,-17.66642,-35.72098,-2.86856,-46.02094,-97.6523
Pegasus,115.6642,6.68732,31.44213,38.31144,-9.41712,10.72272,51.43344,-12.87761,28.29014,53.59916,-18.71706,33.07099,53.59916,-18.71706,33.07099,65.58812,-34.4246,48.42115,51.43344,-12.87761,28.29014,28.20918,-8.89389,13.54286,28.20918,-8.89389,13.54286,97.41407,-32.34337,44.77039,97.41407,-32.34337,44.77039,9.33537,-5.01549,5.01956,9.33537,-5.01549,5.01956,25.6258,-17.18,14.81154,38.31144,-9.41712,10.72272,15.12278,-5.00922,3.43647,15.12278,-5.00922,3.43647,57.96216,-20.67873,11.77438,57.96216,-20.67873,11.77438,24.96384,-12.96771,3.05495,24.96384,-12.96771,3.05495,172.7699,-116.3309,36.25782,25.97457,0.95104,14.46126,51.43344,-12.87761,28.29014,25.97457,0.95104,14.46126,115.6642,6.68732,31.44213,51.43344,-12.87761,28.29014,38.31144,-9.41712,10.72272
Pictor,-2.90646,13.61802,-26.1241,1.339,30.14806,-45.02234,1.339,30.14806,-45.02234,0.67744,12.19782,-15.12213
Perseus,162.1135,241.066,183.5667,102.131,166.8783,121.7042,102.131,166.8783,121.7042,156.0101,267.4212,223.2182,156.0101,267.4212,223.2182,76.15646,129.0997,125.8169,76.15646,129.0997,125.8169,59.86073,87.85548,117.1928,59.86073,87.85548,117.1928,62.8851,77.88069,118.7088,62.8851,77.88069,118.7088,30.69698,32.00954,59.94958,30.69698,32.00954,59.94958,111.1161,102.4424,223.185,62.8851,77.88069,118.7088,14.18943,15.23879,18.07212,14.18943,15.23879,18.07212,50.7722,53.1192,59.16538,50.7722,53.1192,59.16538,21.36606,19.67884,22.9558
Equuleus,26.37994,-24.10051,6.38506,13.66096,-12.03526,3.21255,13.66096,-12.03526,3.21255,77.95485,-63.7522,12.02809,77.95485,-63.7522,12.02809,43.81812,-38.14967,5.33629,43.81812,-38.14967,5.33629,26.37994,-24.10051,6.38506
Canis Minor,-1.46931,3.17617,0.32002,-18.20982,45.5562,7.14786
Leo Minor,-23.0418,6.90062,16.35548,-34.81882,14.80064,28.20798,-34.81882,14.80064,28.20798,-20.33713,10.87848,16.2967,-20.33713,10.87848,16.2967,-36.7274,27.12158,33.6576,-20.33713,10.87848,16.2967,-23.0418,6.90062,16.35548
Vulpecula,31.26875,-76.71214,38.04074,32.33002,-55.38122,33.74411
Ursa Minor,1.3431,1.04763,132.6149,-0.37997,-3.119,52.6767,-0.37997,-3.119,52.6767,-4.0981,-12.24274,92.29794,-4.0981,-12.24274,92.29794,-13.36866,-19.83079,110.565,-13.36866,-19.83079,110.565,-3.16421,-6.59718,28.82107,-3.16421,-6.59718,28.82107,-29.79733,-35.74122,141.8145,-29.79733,-35.74122,141.8145,-8.05816,-7.42971,38.61941,-8.05816,-7.42971,38.61941,-13.36866,-19.83079,110.565
Phoenix,49.89644,15.3465,-75.23864,65728.04,19495.77,-72799.31,65728.04,19495.77,-72799.31,17.10692,1.96447,-16.44358,17.10692,1.96447,-16.44358,49.89644,15.3465,-75.23864,65728.04,19495.77,-72799.31,26.31178,11.06744,-32.92116,26.31178,11.06744,-32.92116,63.69378,34.45551,-75.7861,63.69378,34.45551,-75.7861,65728.04,19495.77,-72799.31,65728.04,19495.77,-72799.31,48.29106,19.60048,-49.14411,48.29106,19.60048,-49.14411,17.10692,1.96447,-16.44358,17.10692,1.96447,-16.44358,19.08366,2.19828,-17.48328,19.08366,2.19828,-17.48328,30.82377,1.2664,-31.66533,30.82377,1.2664,-31.66533,17.10692,1.96447,-16.44358
Pisces,108.7937,30.58991,70.08235,118.0134,39.34314,56.91142,108.7937,30.58991,70.08235,78.9427,28.52489,43.25707,78.9427,28.52489,43.25707,118.0134,39.34314,56.91142,118.0134,39.34314,56.91142,95.23398,40.17137,28.36491,95.23398,40.17137,28.36491,75.80898,37.54694,13.63781,75.80898,37.54694,13.63781,39.72878,23.41302,2.22614,39.72878,23.41302,2.22614,48.23634,26.06928,3.05352,48.23634,26.06928,3.05352,100.168,47.4731,10.64928,100.168,47.4731,10.64928,85.57948,35.52925,9.97435,85.57948,35.52925,9.97435,53.14447,14.97414,7.65185,53.14447,14.97414,7.65185,172.2837,36.84808,22.56898,172.2837,36.84808,22.56898,123.2259,11.10476,17.80763,123.2259,11.10476,17.80763,31.76044,-0.09542,3.82282,31.76044,-0.09542,3.82282,13.59549,-1.1924,1.34449,13.59549,-1.1924,1.34449,32.57453,-2.55698,1.01545,32.57453,-2.55698,1.01545,46.55861,-6.76466,1.03119,46.55861,-6.76466,1.03119,41.49622,-7.84724,2.42197,41.49622,-7.84724,2.42197,44.81412,-6.30455,5.05941,44.81412,-6.30455,5.05941,13.59549,-1.1924,1.34449
Piscis Austrinus,6.45052,-1.79948,-3.80776,125.0471,-45.10869,-67.86099,125.0471,-45.10869,-67.86099,191.231,-109.478,-119.4108,191.231,-109.478,-119.4108,70.77838,-46.08009,-50.54296,70.77838,-46.08009,-50.54296,13.67095,-7.10556,-9.83382,13.67095,-7.10556,-9.83382,34.26576,-13.93034,-23.42522,34.26576,-13.93034,-23.42522,38.29436,-10.99008,-25.41975
Volans,-5.555,11.66975,-41.25732,-4.22812,13.66988,-40.40448,-4.22812,13.66988,-40.40448,-33.29548,53.3202,-160.5457,-33.29548,53.3202,-160.5457,-5.555,11.66975,-41.25732,-33.29548,53.3202,-160.5457,-27.93455,80.18286,-209.7068,-33.29548,53.3202,-160.5457,-7.92171,10.73135,-30.15241,-7.92171,10.73135,-30.15241,-10.95904,10.72752,-35.09524,-10.95904,10.72752,-35.09524,-33.29548,53.3202,-160.5457
Puppis,-9.37904,15.07624,-8.01855,-35.83857,69.56408,-36.3442,-35.83857,69.56408,-36.3442,-65.2063,186.3495,-149.3003,-65.2063,186.3495,-149.3003,-13.61885,81.90725,-77.9609,-13.61885,81.90725,-77.9609,-7.65438,34.57228,-43.13056,-7.65438,34.57228,-43.13056,-16.40407,39.9821,-40.72716,-16.40407,39.9821,-40.72716,-130.6749,218.3762,-213.5645,-130.6749,218.3762,-213.5645,-9.37904,15.07624,-8.01855
Reticulum,10.18068,20.51441,-43.94478,4.06397,8.3772,-15.68273,4.06397,8.3772,-15.68273,38.96927,66.65174,-141.6104,38.96927,66.65174,-141.6104,7.09848,10.54374,-27.01981,7.09848,10.54374,-27.01981,10.18068,20.51441,-43.94478
Sagittarius,8.46023,-92.09838,-53.02758,2.63549,-21.48704,-10.28931,2.75423,-35.73884,-26.77798,3.81719,-36.05783,-24.81298,3.81719,-36.05783,-24.81298,0.64897,-25.60228,-15.04007,0.64897,-25.60228,-15.04007,-14.49428,-266.7757,-141.0458,0.64897,-25.60228,-15.04007,8.46023,-92.09838,-53.02758,8.46023,-92.09838,-53.02758,3.81719,-36.05783,-24.81298,3.81719,-36.05783,-24.81298,6.32627,-22.57756,-13.47186,6.32627,-22.57756,-13.47186,12.93794,-64.08356,-33.29776,12.93794,-64.08356,-33.29776,8.46023,-92.09838,-53.02758,12.93794,-64.08356,-33.29776,2.63549,-21.48704,-10.28931,2.63549,-21.48704,-10.28931,5600.997,-93152.96,-35932.64,6.32627,-22.57756,-13.47186,9.50848,-31.62315,-17.31506,9.50848,-31.62315,-17.31506,14.95086,-60.79406,-30.9371,14.95086,-60.79406,-30.9371,12.93794,-64.08356,-33.29776,14.95086,-60.79406,-30.9371,26.03785,-101.1724,-40.32527,26.03785,-101.1724,-40.32527,11.26703,-38.85539,-16.13334,11.26703,-38.85539,-16.13334,46.42371,-131.7637,-47.97507,46.42371,-131.7637,-47.97507,12.92647,-34.72454,-11.92993,9.50848,-31.62315,-17.31506,33.35429,-74.89073,-37.74082,33.35429,-74.89073,-37.74082,62.1072,-104.7482,-63.96073,62.1072,-104.7482,-63.96073,64.76542,-112.4757,-91.81559,64.76542,-112.4757,-91.81559,20.00728,-36.36994,-37.20317,20.00728,-36.36994,-37.20317,15.14393,-39.50987,-36.28684,20.00728,-36.36994,-37.20317,10.36734,-27.28543,-28.98534
Scorpius,-16.04858,-138.7498,-105.6499,-8.7851,-114.748,-93.29278,-8.7851,-114.748,-93.29278,-24.4974,-451.7727,-381.3513,-24.4974,-451.7727,-381.3513,-6.65406,-67.01664,-62.79654,-6.65406,-67.01664,-62.79654,-3.40134,-16.05484,-15.43227,-3.40134,-16.05484,-15.43227,-165.2548,-557.85,-530.5611,-165.2548,-557.85,-530.5611,-35.43289,-115.662,-94.67156,-35.43289,-115.662,-94.67156,-4.84216,-15.39568,-11.00662,-4.84216,-15.39568,-11.00662,-45.96004,-119.5468,-68.7205,-45.96004,-119.5468,-68.7205,-58.5426,-140.3076,-75.57477,-58.5426,-140.3076,-75.57477,-69.33261,-120.4921,-57.92845,-58.5426,-140.3076,-75.57477,-81.30152,-139.2032,-79.02336,-58.5426,-140.3076,-75.57477,-55.88143,-102.3208,-41.98604
Serpens,-27.96313,-43.7332,-3.11142,-11.50455,-18.20124,1.68621,-11.50455,-18.20124,1.68621,-12.5786,-18.69565,2.53772,-12.5786,-18.69565,2.53772,-40.70038,-55.4081,12.79033,-40.70038,-55.4081,12.79033,-25.26893,-38.24517,12.64494,-25.26893,-38.24517,12.64494,-5.56255,-9.29923,3.03801,-5.56255,-9.29923,3.03801,-60.30314,-93.51803,36.45959,-60.30314,-93.51803,36.45959,-25.26893,-38.24517,12.64494,11.48394,-45.8722,3.47558,1.71946,-18.43894,-0.93775,1.71946,-18.43894,-0.93775,-4.19375,-51.60106,-11.8337,-4.19375,-51.60106,-11.8337,-3.03856,-30.97108,-8.57097,-3.03856,-30.97108,-8.57097,-10.33226,-59.86054,-13.85336
Sextans,-114.6785,47.33072,-1.3794,-76.69878,40.80808,-0.56353
Mensa,0.90618,7.3494,-30.47144,16.20829,46.45642,-142.3382
Taurus,5.28158,35.6504,19.65546,37.41647,106.021,47.62385,37.41647,106.021,47.62385,16.48845,39.1368,14.77277,7.02722,18.2876,5.80666,12.39195,126.6376,49.20735,20.19737,43.21166,13.34257,18.69596,41.47204,14.38051,20.19737,43.21166,13.34257,72.05565,125.664,32.08834,72.05565,125.664,32.08834,55.2002,68.66332,13.99927,7.02722,18.2876,5.80666,16.48845,39.1368,14.77277,7.02722,18.2876,5.80666,17.20973,40.8716,12.60823,17.20973,40.8716,12.60823,20.19737,43.21166,13.34257,16.48845,39.1368,14.77277,17.36483,39.69445,14.01739,17.36483,39.69445,14.01739,18.69596,41.47204,14.38051,18.69596,41.47204,14.38051,57.84942,90.07719,47.78294
Telescopium,3.18099,-25.15276,-29.23808,6.95191,-58.79438,-61.23999
Tucana,27.44738,-13.01807,-53.1713,11.9293,-2.24169,-19.60403,11.9293,-2.24169,-19.60403,3.63191,0.31888,-7.77423,11.9293,-2.24169,-19.60403,18.64771,2.58298,-36.8811
Triangulum,23.61796,16.12837,19.17984,26.90976,17.0682,22.30247,26.90976,17.0682,22.30247,14.8726,7.99818,9.58481,14.8726,7.99818,9.58481,23.61796,16.12837,19.17984
Triangulum Australe,-13.12745,-40.80456,-111.8268,-13.24856,-15.63734,-52.51191,-13.24856,-15.63734,-52.51191,-2.86916,-4.73487,-11.07064,-2.86916,-4.73487,-11.07064,-13.12745,-40.80456,-111.8268
Aquarius,130.7593,-98.92934,-15.99377,140.9877,-76.72226,-0.89605,140.9877,-76.72226,-0.89605,45.63592,-20.88021,-1.21541,45.63592,-20.88021,-1.21541,25.96972,-10.91242,-0.00982,25.96972,-10.91242,-0.00982,47.99624,-18.57886,-0.10554,47.99624,-18.57886,-0.10554,112.0098,-33.91664,-15.57301,112.0098,-33.91664,-15.57301,44.52054,-8.67578,-7.25522,44.52054,-8.67578,-7.25522,46.4358,-7.5687,-17.21788,140.9877,-76.72226,-0.89605,51.26936,-24.77521,-7.78313,51.26936,-24.77521,-7.78313,45.86867,-24.79149,-12.874,51.26936,-24.77521,-7.78313,80.72293,-33.16989,-16.45546,80.72293,-33.16989,-16.45546,90.21252,-28.62069,-22.88386,90.21252,-28.62069,-22.88386,45.45902,-13.32541,-13.42347,45.45902,-13.32541,-13.42347,75.51092,-16.93176,-29.97316,41.96966,-46.74481,-10.50794,130.7593,-98.92934,-15.99377
Virgo,-89.33588,5.51906,10.24443,-114.1566,-9.32118,-1.57371,-114.1566,-9.32118,-1.57371,-11.48862,-2.1117,-0.29555,-11.48862,-2.1117,-0.29555,-69.99085,-27.28582,-14.82176,-69.99085,-27.28582,-14.82176,-64.30648,-42.11936,-13.93364,-64.30648,-42.11936,-13.93364,-18.33363,-12.36787,-2.32462,-18.33363,-12.36787,-2.32462,-13.77131,-11.87245,-1.80146,-69.99085,-27.28582,-14.82176,-20.79936,-9.11872,-0.23618,-20.79936,-9.11872,-0.23618,-59.45497,-34.89826,1.85889,-59.45497,-34.89826,1.85889,-30.83821,-27.34307,1.3621,-20.79936,-9.11872,-0.23618,-58.94191,-14.58759,3.60476,-58.94191,-14.58759,3.60476,-31.78266,-8.8405,6.38806,-58.94191,-14.58759,3.60476,-11.48862,-2.1117,-0.29555
Vela,-124.3001,195.9933,-251.8316,-58.71851,69.79653,-120.6982,-58.71851,69.79653,-120.6982,-9.39403,10.73981,-20.15877,-9.39403,10.73981,-20.15877,-77.65777,63.95148,-143.7298,-77.65777,63.95148,-143.7298,-242.953,144.7395,-397.4645,-242.953,144.7395,-397.4645,-22.18318,7.33965,-27.28095,-22.18318,7.33965,-27.28095,-16.7284,6.3126,-20.01551,-16.7284,6.3126,-20.01551,-20.66036,10.21818,-20.84251,-20.66036,10.21818,-20.84251,-11.38258,8.67906,-12.21092,-11.38258,8.67906,-12.21092,-88.6626,82.68212,-114.7748,-88.6626,82.68212,-114.7748,-124.3001,195.9933,-251.8316
